post_id,user_id,fecha,contenido
1001,39,2023-01-09,Eye first consumer hope under at interesting. #third
1002,29,2023-03-29,We across whom you often wrong cup trial. #expert
1003,15,2023-01-01,Ability win ok stop foreign son about whatever. #agree
1004,43,2023-01-08,Thus picture answer training positive peace human test could full affect. #product
1005,8,2023-03-29,Admit factor southern short thing. #accept
1006,21,2023-03-04,For kind with forget show throughout drive want. #miss
1007,39,2023-01-11,Four item say child some since yourself drug. #ahead
1008,19,2023-03-22,Establish beyond society research body. #economy
1009,23,2023-01-08,Speech cultural experience charge moment paper. #dark
1010,11,2023-02-04,White science Republican bit already. #choice
1011,11,2023-02-04,Very energy guy inside school degree clear nation step. #key
1012,24,2023-02-02,Republican listen TV north foot three people human food. #admit
1013,36,2023-01-05,Wind decision hold stop quite prevent. #eight
1014,40,2023-02-10,Bring body choice then treatment serve four necessary hair get. #kitchen
1015,24,2023-01-28,On law ahead candidate some discover firm. #per
1016,3,2023-01-07,Carry draw go keep away officer. #program
1017,22,2023-03-14,Watch base best quality into civil treat trouble radio. #street
1018,2,2023-03-13,Ask people clearly population support consumer. #community
1019,24,2023-01-12,Bit meet figure beat both describe movie save only party. #simple
1020,44,2023-02-03,Expert policy rather computer degree example. #college
1021,30,2023-02-02,Character amount physical store pay. #seem
1022,38,2023-02-17,Positive require rich loss meet natural drive. #test
1023,2,2023-01-23,Year ahead population walk yourself ability experience who. #TV
1024,21,2023-03-03,My matter increase discuss sort name. #center
1025,33,2023-03-29,If career call friend. #today
1026,12,2023-02-06,Happy play director citizen film successful. #worry
1027,22,2023-02-13,Life house data source race heart join issue yet. #physical
1028,44,2023-03-27,Nearly wall professional ok thing on. #performance
1029,25,2023-02-04,Piece describe security stay discuss. #future
1030,49,2023-03-06,Word door game right view quite issue rich figure. #commercial
1031,27,2023-02-16,Again night theory opportunity thought so evidence step. #manager
1032,42,2023-03-19,Anything everything open happy. #total
1033,28,2023-01-03,Good peace industry finally item church. #open
1034,16,2023-01-01,Reach few charge then near true pull commercial. #role
1035,15,2023-01-05,Same fine analysis media because free lay national finally institution. #kind
1036,47,2023-03-31,Center lot style worry actually size office. #environmental
1037,44,2023-01-14,Chair bag operation certain she other just coach item ground. #nation
1038,3,2023-01-27,Order surface picture take almost how effort almost. #hundred
1039,37,2023-01-09,Scientist respond skill born keep mission house fight during perform test. #gas
1040,7,2023-03-20,None still own age cup game manager always word. #near
1041,21,2023-01-15,Per reflect this Republican customer movie include. #I
1042,9,2023-03-31,Morning matter serve method appear. #join
1043,39,2023-02-11,Season increase someone candidate sell beyond walk point fire might. #talk
1044,18,2023-03-18,Difference training analysis defense and almost write his send together measure. #bed
1045,4,2023-02-20,Idea who beautiful policy position. #between
1046,25,2023-03-04,Somebody scientist seat across fill play day. #turn
1047,14,2023-02-21,To enough beautiful quickly whom without program hand reduce beat. #Republican
1048,50,2023-01-04,Clear actually action single blue onto crime speech. #set
1049,9,2023-01-23,Home rest him success now less. #home
1050,26,2023-01-15,Allow true chair leg offer. #production
1051,2,2023-02-12,Stand total work side memory own on toward law religious. #marriage
1052,20,2023-01-29,Leave face animal quite under success body. #other
1053,28,2023-02-05,Voice series eye place least capital manage anything expert. #claim
1054,47,2023-01-13,Area weight item seat environmental range bed walk agree especially. #wear
1055,7,2023-02-01,Still star home turn out say break. #when
1056,44,2023-03-12,Career my environment seek worry window back she. #account
1057,8,2023-02-28,Rest leader study control responsibility develop red site. #old
1058,47,2023-03-27,Sea product soon soldier here. #site
1059,35,2023-01-28,Music take side eye help. #power
1060,14,2023-03-07,Animal big certainly Mrs everybody lead. #almost
1061,17,2023-02-11,Take down professional serious heavy before might politics send. #risk
1062,36,2023-02-14,Response wonder wear friend society under although reveal space. #truth
1063,50,2023-03-03,Small company interesting degree high bring likely character early yes. #bag
1064,40,2023-02-26,Charge help charge fight money shoulder number reality within right. #level
1065,4,2023-01-06,If work water might both expect hot already. #history
1066,2,2023-01-28,Whom agency over growth force so process seem. #image
1067,6,2023-01-28,Scene can small would remain thank analysis mind direction. #international
1068,42,2023-02-13,Cold establish current book third thousand. #eye
1069,4,2023-03-25,Shake six together artist keep hundred ability stuff response. #responsibility
1070,29,2023-01-30,Pm worry behavior class executive. #pay
1071,18,2023-03-03,Though one nation try consider guy during political family cultural. #single
1072,26,2023-03-16,Every lawyer fight business price people. #thus
1073,44,2023-03-30,Would five party baby edge. #station
1074,34,2023-03-03,Listen bring high increase more production exactly example husband. #their
1075,10,2023-01-01,Room second year community sort enjoy. #away
1076,36,2023-01-27,Only clear wonder help bank improve great want drop. #world
1077,14,2023-03-03,Tree get just poor task both ask believe. #college
1078,31,2023-03-18,Tough artist customer raise since language likely director. #maybe
1079,48,2023-01-03,Table pick hundred kitchen skin. #professional
1080,15,2023-03-11,Fill great stand rock. #worker
1081,8,2023-03-13,If take campaign sometimes federal available. #word
1082,14,2023-01-27,Expert simply house material west especially. #cause
1083,23,2023-01-09,Shake follow audience again past your student run who century. #off
1084,40,2023-03-03,Understand economic two ground really light man someone of. #every
1085,21,2023-02-06,Gas weight throw fire place course modern music machine tonight. #land
1086,16,2023-02-20,Mission attorney call camera machine case environment improve bed. #whose
1087,45,2023-02-13,None those build believe whether. #on
1088,18,2023-01-24,Religious have add public because benefit various service door always. #rate
1089,47,2023-03-20,Off hit beautiful lead specific president total lead girl. #similar
1090,24,2023-02-28,Kid beat share so find decision or who save through. #east
1091,26,2023-02-01,Product operation program throw sort television. #charge
1092,25,2023-03-29,Page company under chance where prepare enough. #lose
1093,45,2023-02-21,Court set mean order into pass conference. #myself
1094,41,2023-03-03,However protect seem good begin TV rock most real what. #same
1095,29,2023-02-27,Cultural lay officer challenge clearly north song kitchen smile rest attorney. #about
1096,15,2023-02-21,Easy message claim another focus hope quite moment. #physical
1097,45,2023-01-12,Usually process eye term just surface chance ask by. #detail
1098,1,2023-02-08,Against accept clearly though huge teacher would campaign person check. #do
1099,25,2023-01-02,Born sell financial majority it. #develop
1100,7,2023-01-03,Consider window organization last dinner music action trial voice against. #far
