user_id,nombre,pais
1,Sabrina,Russian Federation
2,Gregory,Antigua and Barbuda
3,Sean,Slovakia (Slovak Republic)
4,Taylor,Niger
5,Joy,Monaco
6,Heidi,Cote d'Ivoire
7,Jacqueline,Turkey
8,Julie,Germany
9,Carla,Albania
10,Kimberly,El Salvador
11,Joseph,Benin
12,Stefanie,Italy
13,Richard,Central African Republic
14,Jason,Lebanon
15,Danny,Paraguay
16,Savannah,Pitcairn Islands
17,Jack,Cuba
18,Kristin,Lao People's Democratic Republic
19,Katherine,Luxembourg
20,Christopher,Benin
21,Alexis,Spain
22,Debra,Sao Tome and Principe
23,Angela,Congo
24,Jennifer,Antarctica (the territory South of 60 deg S)
25,Misty,South Georgia and the South Sandwich Islands
26,Richard,Saint Helena
27,Catherine,United Kingdom
28,Melissa,Croatia
29,Samuel,Eritrea
30,Sarah,Martinique
31,Brian,Costa Rica
32,Ryan,Faroe Islands
33,Beverly,Ethiopia
34,Katrina,Mauritius
35,William,Gibraltar
36,Raven,Norfolk Island
37,Amber,Isle of Man
38,Nicole,Vietnam
39,Nicole,Belarus
40,Stephen,Nepal
41,Cheyenne,Egypt
42,Ellen,Central African Republic
43,Elijah,Italy
44,Kimberly,Andorra
45,Brittany,Slovakia (Slovak Republic)
46,Ann,Finland
47,Bryan,Armenia
48,James,Syrian Arab Republic
49,Brian,Nepal
50,Jacob,Guyana
